{
  "version": "1.0",
  "defaultProvider": "cdnjs",
  "libraries": [
    {
      "library": "jquery@3.3.1",
      "files": [
        "jquery.min.js",
        "jquery.js",
        "jquery.min.map"
      ],
      "destination": "wwwroot/lib/jquery/dist/"
    },
    {
      "provider": "unpkg",
      "library": "jquery-validation@1.19.0",
      "files": [
        "dist/jquery.validate.js",
        "dist/jquery.validate.min.js",
        "dist/additional-methods.min.js"
      ],
      "destination": "wwwroot/lib/jquery-validation/"
    },
    {
      "library": "jquery-validation-unobtrusive@3.2.11",
      "files": [
        "jquery.validate.unobtrusive.js",
        "jquery.validate.unobtrusive.min.js"
      ],
      "destination": "wwwroot/lib/jquery-validation-unobtrusive"
    },
    {
      "provider": "unpkg",
      "library": "bootstrap@4.1.3",
      "files": [
        "dist/css/bootstrap.css",
        "dist/css/bootstrap.css.map",
        "dist/css/bootstrap.min.css",
        "dist/css/bootstrap.min.css.map",
        "dist/js/bootstrap.bundle.js",
        "dist/js/bootstrap.bundle.js.map",
        "dist/js/bootstrap.bundle.min.js",
        "dist/js/bootstrap.bundle.min.js.map"
      ],
      "destination": "wwwroot/lib/bootstrap/"
    },
    {
      "library": "bootstrap-social@5.1.1",
      "files": [
        "bootstrap-social.css",
        "bootstrap-social.min.css",
        "bootstrap-social.min.css.map"
      ],
      "destination": "wwwroot/lib/bootstrap-social/"
    },
    {
      "provider": "unpkg",
      "library": "font-awesome-5-css@5.4.1",
      "destination": "wwwroot/lib/fontawesome",
      "files": [
        "css/all.css",
        "css/all.min.css",
        "css/brands.css",
        "css/brands.min.css",
        "css/fa-solid.css",
        "css/fa-solid.min.css",
        "webfonts/fa-brands-400.eot",
        "webfonts/fa-brands-400.ttf",
        "webfonts/fa-brands-400.woff",
        "webfonts/fa-brands-400.woff2",
        "webfonts/fa-regular-400.eot",
        "webfonts/fa-regular-400.ttf",
        "webfonts/fa-regular-400.woff",
        "webfonts/fa-regular-400.woff2",
        "webfonts/fa-solid-900.eot",
        "webfonts/fa-solid-900.ttf",
        "webfonts/fa-solid-900.woff",
        "webfonts/fa-solid-900.woff2"
      ]
    }
  ]
}